{"chunk_definitions":[{"row":9,"row_count":1,"visible":true,"expansion_state":0,"options":{"engine":"r","label":"setup","include":false,"dev":"png"},"document_id":"A34B388D","chunk_id":"csetup_chunk","chunk_label":"setup"},{"row":433,"row_count":1,"visible":true,"expansion_state":0,"options":{"engine":"r","label":"unnamed-chunk-7","dev":"png"},"document_id":"A34B388D","chunk_id":"cx9ik39w5cx3k","chunk_label":"unnamed-chunk-11"}],"doc_write_time":1729433192,"working_dir":null,"default_chunk_options":{"echo":true}}